List Type,List Name,Collection,Format,Board,Quantity,Card Name,Set Code,Set Name,Card Number,Condition,Printing,Rarity,Language,Price Bought,Date Bought,Parent List Type,Parent List Name,Current Price (tcgplayer_marketsellprice),List Cover Image,Parent List Cover Image
,,,,,1,Ambitious Farmhand,MID,Innistrad: Midnight Hunt,2,Mint,Normal,uncommon,en,,,,,,,
,,,,,1,Ambitious Farmhand,MID,Innistrad: Midnight Hunt,2,Mint,Normal,uncommon,tw,,,,,,,
,,,,,2,Ambitious Farmhand,MID,Innistrad: Midnight Hunt,2,NearMint,Foil,uncommon,de,0.20,,,,,,
,,,,,1,Ambitious Farmhand,MID,Innistrad: Midnight Hunt,2,Good,Normal,uncommon,en,,,,,,,
,,,,,1,Ambitious Farmhand,MID,Innistrad: Midnight Hunt,2,LightPlayed,Normal,uncommon,en,,,,,,,
,,,,,1,Ambitious Farmhand,MID,Innistrad: Midnight Hunt,2,Played,Normal,uncommon,en,,,,,,,
,,,,,1,Ambitious Farmhand,MID,Innistrad: Midnight Hunt,2,Poor,Normal,uncommon,en,,,,,,,
,,,,,1,Clue Token,TMH2,Modern Horizons 2 Tokens,14,NearMint,Normal,common,en,0.15,,,,,,
,,,,,1,Food Token,TLTR,Tales of Middle-earth Tokens,10,NearMint,Normal,common,en,0.11,,,,,,
,,,,,1,Demonic Tutor,CMM,Commander Masters,509,NearMint,Foil,mythic,en,,,,,,,
,,,,,1,Lightning Bolt,CLB,Commander Legends: Battle for Baldur's Gate,187,NearMint,Normal,common,en,,,,,,,
,,,,,1,Lightning Bolt,CLB,Commander Legends: Battle for Baldur's Gate,187,NearMint,Normal,common,es,,,,,,,
,,,,,1,Lightning Bolt,CLB,Commander Legends: Battle for Baldur's Gate,187,NearMint,Normal,common,fr,,,,,,,
,,,,,1,Lightning Bolt,CLB,Commander Legends: Battle for Baldur's Gate,187,NearMint,Normal,common,de,,,,,,,
,,,,,1,Lightning Bolt,CLB,Commander Legends: Battle for Baldur's Gate,187,NearMint,Normal,common,it,,,,,,,
,,,,,1,Lightning Bolt,CLB,Commander Legends: Battle for Baldur's Gate,187,NearMint,Normal,common,pt,,,,,,,
,,,,,1,Lightning Bolt,CLB,Commander Legends: Battle for Baldur's Gate,187,NearMint,Normal,common,jp,,,,,,,
,,,,,1,Lightning Bolt,CLB,Commander Legends: Battle for Baldur's Gate,187,NearMint,Normal,common,ko,,,,,,,
,,,,,1,Lightning Bolt,CLB,Commander Legends: Battle for Baldur's Gate,187,NearMint,Normal,common,ru,,,,,,,
,,,,,1,Lightning Bolt,CLB,Commander Legends: Battle for Baldur's Gate,187,NearMint,Normal,common,cn,,,,,,,
,,,,,1,Lightning Bolt,CLB,Commander Legends: Battle for Baldur's Gate,187,NearMint,Normal,common,tw,,,,,,,
,,,,,1,Mardu Outrider,MB2,Mystery Booster 2,1,NearMint,Normal,rare,en,,,,,,,
,,,,,1,Viscera Seer,SLD,Secret Lair Drop,VS,NearMint,Foil,common,en,,,,,,,
,,,,,1,"Isperia, Supreme Judge",GK2,Guild Kit: Azorius,1,NearMint,Foil,mythic,en,,,,,,,
,,,,,1,Ral's Vanguard,CMB1,Mystery Booster Playtest Cards 2019,1,NearMint,Normal,rare,en,,,,,,,
,,,,,1,Demonic Tutor,DDC,Duel Decks: Divine vs. Demonic,49,NearMint,Normal,uncommon,en,,,,,,,
,,,,,1,Orcish Bowmasters,LTR,The Lord of the Rings: Tales of Middle-earth,433,NearMint,Normal,rare,en,,,,,,,
,,,,,1,Brazen Borrower // Petty Theft,ELD,Throne of Eldraine,39,NearMint,Normal,mythic,en,,,,,,,
,,,,,1,Fire // Ice,APC,Apocalypse,128,NearMint,Normal,uncommon,en,,,,,,,
